{
    "ÀÁÂÃÄÅàáâãäåɑΑαаᎪＡａ": "a",
    "ßʙΒβВЬᏴᛒＢｂ": "b",
    "ϲϹСсᏟⅭⅽＣｃ": "c",
    "ĎďĐđԁժᎠḍⅮⅾＤｄ": "d",
    "ÈÉÊËéêëĒēĔĕĖėĘĚěΕЕеᎬＥｅ": "e",
    "ϜＦｆ": "f",
    "ɡɢԌնᏀＧｇ": "g",
    "ʜΗНһᎻＨｈ": "h",
    "ɩΙІіاᎥᛁⅠⅰＩ": "i",
    "ϳЈјյᎫＪｊ": "j",
    "ΚκКᏦᛕKＫｋ": "k",
    "ʟιاᏞⅬⅼＬｌ": "l",
    "ΜϺМᎷᛖⅯⅿＭｍ": "m",
    "ɴΝＮｎ": "n",
    "ΡρРрᏢＰｐ": "p",
    "ႭႳＱｑ": "q",
    "ʀԻᏒᚱＲｒ": "r",
    "ЅѕՏႽᏚＳｓ": "s",
    "ΤτТᎢＴｔ": "t",
    "μυԱՍ⋃Ｕｕ": "u",
    "νѴѵᏙⅤⅴＶｖ": "v",
    "ѡᎳＷｗ": "w",
    "ΧχХхⅩⅹＸｘ": "x",
    "ʏΥγуҮＹｙ": "y",
    "ΖᏃＺｚ": "z"
}